title,author,date,img_url
Pink Floyd Saxophonist Dick Parry Dead at 83,Matthew Wilkening,"May 22, 2026",https://townsquare.media/site/295/files/2026/05/attachment-gettyimages-85233584.jpg?w=300&q=75
Pink Floyd’s Long-Lost ‘Animals’ Guitar Solo Has Finally Returned,Martin Kielty,"June 5, 2026",https://townsquare.media/site/295/files/2023/03/attachment-Animals8Track.jpg?w=300&q=75
New Pink Floyd Compilation Includes Rare Extended Song From ‘Animals’,Nick DeRiso,"April 8, 2026",https://townsquare.media/site/295/files/2026/04/attachment-pink-floyd-8-tracks-hulton-emi-image.jpg?w=300&q=75
Vote for the Best Album of the ’70s: Only Pink Floyd and the...,Matthew Wilkening,"March 30, 2026",https://townsquare.media/site/295/files/2026/03/attachment-70salbumsfinalsmain.jpg?w=300&q=75
Exploring the Surprising Solo Careers of Pink Floyd,Nick DeRiso,"February 15, 2026",https://townsquare.media/site/295/files/2024/01/attachment-pink-floyd-1.jpg?w=300&q=75
The Australian Pink Floyd Show Announces 2026 ‘Greatest Hits’...,Sponsored Post,"February 10, 2026",https://townsquare.media/site/295/files/2026/02/attachment-apfs.jpg?w=300&q=75
"Reissue Roundup: Fall Sets From Pink Floyd, the Rolling Stones...",Michael Gallucci,"December 16, 2025",https://townsquare.media/site/295/files/2025/12/attachment-attachment-reissues-5.jpg?w=300&q=75
Pink Floyd Previews ‘Shine On You Crazy Diamond’ as Complete...,Nick DeRiso,"November 18, 2025",https://townsquare.media/site/295/files/2025/11/attachment-pink-floyd-hulton-archives-getty-image-legacy.jpg?w=300&q=75
Watch the First Ever Music Video for Pink Floyd’s ‘Wish You Were...,Allison Rapp,"December 24, 2025",https://townsquare.media/site/295/files/2024/04/attachment-pink-floyd-hulton-archive-getty-images.jpg?w=300&q=75
Pink Floyd Album Honored by British Poet Laureate,Martin Kielty,"October 28, 2025",https://townsquare.media/site/295/files/2025/10/attachment-floydpoet.jpg?w=300&q=75
How Pink Floyd Surprised Fans With New Music,Matt Wardlaw,"October 1, 2025",https://townsquare.media/site/295/files/2024/04/attachment-pink-floyd-hulton-archive-getty-images.jpg?w=300&q=75
A Look at Pink Floyd’s Longest Songs and Their Legacy,Nick DeRiso,"September 29, 2025",https://townsquare.media/site/295/files/2020/11/floydunder.jpg?w=300&q=75
How Richard Manuel Shined on the Band’s ‘Music From Big Pink':...,Nick DeRiso,"November 10, 2025",https://townsquare.media/site/295/files/2025/11/attachment-richard-manuel-stephen-t-lewis-schiffer-capitol.jpg?w=300&q=75
Pink Floyd Announces ‘Wish You Were Here 50′ Box Set,Michael Gallucci,"September 12, 2025",https://townsquare.media/site/295/files/2025/09/attachment-sony-music-17.jpg?w=300&q=75
Who Are the ‘Big 4′ of ’70s Rock Bands?,Bryan Rolli,"June 7, 2026",https://townsquare.media/site/295/files/2026/06/attachment-social-image-295-2026-06-05-17-14-37.jpg?w=300&q=75
Ranking the Top 100 Rock Albums Released in the ’80s,Nick DeRiso,"June 1, 2026",https://townsquare.media/site/295/files/2026/06/attachment-acdc-guns-bruce-springsteen-van-halen-getty.jpg?w=300&q=75
Pink Floyd Album Opening Songs Ranked Worst to Best,Nick DeRiso,"July 7, 2025",https://townsquare.media/site/295/files/2023/06/attachment-Worst-Pink-Floyd-Song-Every-Album-Image.jpg?w=300&q=75
"Primus Kicks Off Three-Band ‘Claypool Gold’ Tour: Video, Set...",Matthew Wilkening,"May 21, 2026",https://townsquare.media/site/295/files/2026/05/attachment-gettyimages-2225496846.jpg?w=300&q=75
Stuntman Set on Fire for Pink Floyd’s ‘Wish You Were Here’ Cover...,Matthew Wilkening,"August 17, 2025",https://townsquare.media/site/295/files/2025/08/attachment-gettyimages-862118598.jpg?w=300&q=75
Pink Floyd Live Albums Ranked Worst to Best,Nick DeRiso,"June 11, 2025",https://townsquare.media/site/295/files/2024/09/attachment-Pink-Floyd-Live-Albums-Ranked-Image.jpg?w=300&q=75
